key,q,a
,"百旅会，你们安排的一日游怎么都是周一至周五？能不能安排几次周六日？像我们这些平日为子女看孩子的老人怎么能参加，而且我们又是会员。意见提过几次了，怎么就是不釆纳呢？是不是有意躲避呢?周边游为什么周末不发班","敬的同程vip会员您好，周末出游人多拥挤，  为了保证出游质量，让大家游玩的开心，安排的错峰出游，我们的线路每个月还是有周末出游团期的，您可以关注提前预约~"
,体检项目是固定的吗,"尊敬的同程vip会员您好，百旅会健康权益：包含一年一次免费检前健康问卷，一次百旅会中老年专享体检（基础内外科，眼耳鼻喉科，心电图，胸部DR，腹部彩超，血常规，尿常规，血脂，血糖，肝功，肾功，肿瘤筛查AFP和CEA,骨密度），集中体检日参检同程专人陪检，健康专家报告解读和健康管理建议，不定期健康讲座。"
,"怎么周边游没有积分抵扣，积分抵扣在哪里看","尊敬的同程vip会员您好，大额积分抵扣支持国内游 ，出境游，游轮游，部分周边游线路也支持积分抵扣，具体详情请https://appnew.ly.com/mp/html/homePage/indexV2.html?tcwvcwl=1&wvc5=1&wvc3=1"
,周边游下午几点结束,"尊敬的同程vip会员您好，周边一日游一般情况是16:00左右结束一天的行程~"
,开旅游发票的额度能不能自己定,"尊敬的同程vip会员您好，会员费发票开取，不超过支付金额即可~"
,"体检的项目有哪些？可以增加吗","尊敬的同程vip会员您好，我们现在提供的项目初步覆盖全身各个系统，如果您在某些项目上需要更深入的检测，可以联系您的专属客服，进行付款加项，可以享受百旅会会员价八折（美年、爱康），其他机构后期同步共享中。"
,体检能给开发票吗,"尊敬的同程vip会员您好，体检属于会员权益，这个不可以单独开取发票，您的会员费用是可以开取发票的，开票类型：个人、姓名全称或者单位名称全称必须具体明确，一经开出，不予更换抬头或发票张数，开票项目：会员费/服务费（ 不可以备注其他内容：如礼品卡之类）"
,近期的门店活动有吗,"尊敬的同程vip会员您好，您可微信关注Bailvhui999公众号——个人中心——我的权益——预约，或登录同程app-百旅会-我的权益-查看详细—相应权益预约https://appnew.ly.com/mp/html/homePage/indexV2.html?tcwvcwl=1&wvc5=1&wvc3=1"
,体检最早可以预约什么时候的,"尊敬的同程vip会员您好，一般体检中心都是7点半开始营业，我们准时到体检中心即可。"
,"会员日是干什么的？有什么活动？","尊敬的同程vip会员您好，线下VIP会员日，每月第三个周末是会员狂欢节即VIP会员日，每次活动提供专属会员高积分抵扣产品，产品覆盖率≥40%。抵扣后绝对优势，更有积分抽奖旅游产品/积分兑换旅游产品/积分兑换等多项活动。"
,周边游的日期怎么不安排周末,"敬的同程vip会员您好，周末出游人多拥挤，为保证出游质量，错峰出游，让大家可以体验出游的乐趣，周末的团期也是有的，您可以关注会员周边权益，提前预约~"
,体检能不能自己选时间,"尊敬的同程vip会员您好，体检日期您可以按照开放日期自行选择
周边游发班不在周末，想带孩子一起出去玩，工作日没时间  尊敬的同程vip会员您好，周末出游人多拥挤，为保证出游质量，错峰出游，让大家可以体验出游的乐趣，周末的团期也是有的，您可以关注会员周边权益，提前预约~"
,"不同旅游产品的一般儿童收费标准是怎么样能否普及一下","尊敬的同程vip会员您好，线路不同标准不同，根据具体线路，您可以查看线路上的费用说明~"
,积分为什么不能用来大额抵扣周边游,"尊敬的同程vip会员您好，大额积分抵扣支持国内游 ，出境游，游轮游，部分周边游线路也支持积分抵扣，具体详情请可查看会员频道https://appnew.ly.com/mp/html/homePage/indexV2.html?tcwvcwl=1&wvc5=1&wvc3=1"
,新疆这边护照怎么办呀不同地区中老年人护照办理的注意点有哪些,"敬的同程vip会员您好，各地区政策不一，详情请咨询当地出境管理处。"
,同程旅游APP怎么下载有哪些会员可以使用的功能啊,"敬的同程vip会员您好，苹果手机打开app store-搜索统称旅游-点击安装"
,积分抵扣5年都用不完怎么办,"尊敬的同程vip会员您好，积分5年有效期，过期自动清零，建议您尽快使用~"
,百旅会国内游目的地有哪些,"尊敬的同程VIP会员您好，目前确定的目的地为 桂林线路id:122973；厦门线路id:122985.（4天3晚）后期可根据用户需求及线路情况再进行目的地的增加(根据具体的产品行程设计再进行调整)， 均为4天3晚。如有疑问：[link url=""tel:4001807777""]400-180-7777[/link]进行详细咨询。"
,国内游蜜月布置是怎么安排的,尊敬的同程VIP会员您好，蜜月布置是只有一晚的哦，具体在哪一晚要看行程安排，一般会安排在集体婚礼那一晚的哦~
,国内游是专车接送吗,尊敬的同程VIP会员您好，我们是安排专车接送的哦，但是需要等待其他客人。
,国内游三天两晚时间太短，可以多停留几天吗,尊敬的同程VIP会员您好，目前提供的是三天两晚的行程，如果您还还需要增加两天，会有相应的产品推荐，用户可以进行报名参加，详情可以咨询400-7777777进行咨询哦
,专车采用的是什么车,尊敬的同程VIP会员您好，专车的类型会根据预约的人数而定，一般为商务车。
,国内游提前或者延迟回团，接送机怎么安排,尊敬的同程VIP会员您好，行程首日参团和最后日离开都有接送机安排，但是如果提前或推后无法安排接送机，同时酒店也无法安排哦。
,国内游有保险吗,尊敬的同程VIP会员您好，百旅会赠送国内游里面均含有旅游险哦。
,是否可以选择国假的团期,尊敬的同程VIP会员您好，国假基本不考虑，因为权益多是给父母老人使用，每月固定团期。避开完全国假，也避免高峰人流拥堵，达到行程真实轻松快乐的效果哦~
,国内游怎么预约及注意事项,"尊敬的同程VIP会员您好，可以通过线上平台预约，或者直接致电专属旅顾或客服进行预约，也可以直接拨打[link url=""tel:4001807777""]400-180-7777[/link]进行热线电话预约哦~产品预约最晚出团前七天，预约时需确认出游人信息。"
,百旅会白金浪漫版有哪些权益,尊敬的同程VIP会员您好，白金浪漫版有以下权益，1：赠送一份双人国内游目的地跟团游。2：赠送双人平安保险“金色夕阳”医疗无忧险3：赠送特色旅拍一份+精美制作全家福一张4：赠送由中国旅游出版社发行《岁月与旅行》一年四本5：每个月可在当地门店领取百旅会会刊6：每周免费开设中老年大学，畅想幸福晚年7：入会即获3699的积分哦，预订线路享受积分优惠，8：全年365天安排一对一的专属客服给您提供专业的旅游建议哦~9：入会即赠送百旅会纪念大礼包一份哦~
,旅游产品是否可以让4个人使用，住在一个房间里，门票自费？,尊敬的同程VIP会员您好，这样是不可以的哦，由于酒店单个房间入住人员数量有限制，因此不能这样操作的哦~
,两个成人一个小孩，小孩怎么收费,"尊敬的同程VIP会员您好，按照对应旅游产品儿童价标准执行，加床、加位就是补成人价格；不加床，不加位，按市场补价。按合同中补位约定价格处理。（具体每条线路价格收费不一，可以详细致电[link url=""tel:4001807777""]400-180-7777[/link]进行详细咨询哦）"
,百旅会白金版问题请点这里,abc
,百旅会国内游包含往返交通吗,尊敬的同程VIP会员您好，百旅会权益赠送的国内游是目的地跟团游，不包含往返的大交通哦，需要您自行前往目的地集合的哦~
,预定成功，临时有事可以取消吗,"尊敬的同程VIP会员您好，1,出团前5天退团，权益直接返还，无损；
2,出团前5天内（含5天）退团，扣减该次权益（相当于已使用）；
若变更团期：则需要退掉当前订单，重新下单，退订要求如上。变更团期提前两周，并且只能变更一次！如未解答您的疑问请点此联系[link class=""tosupporter""]【?人工客服】[/link]为您查询。
人工客服工作时间：8:45-5:45（周一至周五）
如果有紧急情况也可以直接拨打[link url=""tel:4001807777""]400-180-7777[/link]~进行电话咨询。"
,百旅会线路,"尊敬的同程VIP会员您好：同程旅游的线路是针对全部会员的哦，出境游、跟团自由行、国内长线、短线都可以进行预订。线路上标有百旅会积分抵扣字样是百旅会会员能享受积分抵扣优惠线路，普通会员无法参与优惠活动~百旅会专属线路只是针对百旅会会员预订。如未解答您的疑问请点此联系[link class=""tosupporter""]【?人工客服】[/link]为您查询。
人工客服工作时间：8:45-5:45（周一至周五）
如果有紧急情况也可以直接拨打[link url=""tel:4001807777""]400-180-7777[/link]~进行电话咨询。"
,白金版线路和普通线路有什么区别吗,尊敬的同程VIP会员您好：百旅会所有产品全部自营，并且包含专属领队，金牌导游，高标准住宿，并且增加对应的专业优秀摄影师进行旅拍服务后期制作精美相册等。
,白金浪漫版·青岛520产品说明,"尊敬的同程VIP会员您好：1、白金浪漫版·青岛520，产品定价为3999元，特对3月18、19日会员日2天给予到3699元的促销价格；
2、青岛520区别于之前的版本，此版本定时定量定点，限量发售250套，先卖先得；
3、团期：2017年5月20日
4、行程天数：4天3晚
5、ID：129127"
,白金浪漫版·青岛520产品流程,"尊敬的同程VIP会员您好：
①爱的教堂婚礼，用一场唯美的婚礼，重温甜蜜时光；
②爱的玫瑰婚房，精心温馨玫瑰海景婚房，房间精心布置，花瓣铺床，营造出甜蜜温馨的氛围，让每对父母都能重温曾经的浪漫时光；
③爱的狂欢和互动，浪漫派对惊喜安排，体验不一样的沙滩啤酒狂欢夜，这里有沙滩、啤酒、音乐、面具还有属于你们爱的互动游戏；
④爱的烛光晚餐，浪漫双人烛光晚餐，每对父母都能享受到百旅会特别布置的烛光晚餐，并安排甜蜜互动；
⑤爱的感恩视频，一段简单的视频，几句温馨的话语，隔着屏幕父母能感受到子女的爱和用心；
⑥爱的浪漫婚拍，专业摄影师为您记录爱的瞬间并制作成相册。
接下来我们会推出更多优质的会员专属主题产品，便于更好地服务于会员，会员产品公司将不忘初心，调整设计理念，优化行程内容，敬请各位伙伴同我们一起迎接新产品的上线。"
,百旅会保险是免费的吗,尊敬的同程vip会员您好，百旅会赠送的保险是不需要再付费的哦且保险不能转让，只能是百旅会的受益人使用~
,会员如何得知保险已经生效,尊敬的同程vip会员您好，投保成功后您会收到的短信提示，会有订单号以及查询链接，客户可以直接点击链接www.soochowlife.net中个人保单查询，也可以拨打东吴人寿400-825-6789客服确认，正常情况保险生效会收到短信（如果手机号码提供有误则无法接收）。
,百旅会保险有效期,尊敬的同程vip会员您好，投保生效后开始计算，具体以保单生效时间为准哦。
,百旅会80岁老人能投保吗,尊敬的同程vip会员您好，目前关于保险权益的投保年龄已经拓宽到100岁，可以参加百旅会。但高龄会员出游，还需要再次同相关旅游产品要求做确认，确认能否安排出游。(注：保险投保年龄18周岁以上)。
,百旅会保险是否有保险合同,尊敬的同程vip会员您好，保险不单独签与百旅会会员的合同，东吴人寿为每位百旅会会员提供电子保单（与纸质保单同等效力），会员使用保单号及身份证号码可以在保险公司官网查看具体保单信息。
,保险如何查看电子保单,尊敬的同程vip会员您好，百旅会会员投保成功后会收到短信提示，按照短信里面提示操作即可。（注：保单属于隐私，故直接在短信里面查看或者致电东吴人寿保险官网电话进行咨询即可）
,保险项目包含旅游险吗,尊敬的同程vip会员您好，百旅会分为两种保险哦，一种是平安，一种是东吴。保险和旅游险还是有区别的，但是我们赠送的国内游行程中均含有双人旅游险，如预订的别的线路，则建议购买一份旅游险（平安保险），东吴保险是公共交通意外险哦，仅限国内段受保，并且不包含旅游险的哦。
,外籍人士是否能购买保险？需要提供哪些材料？,尊敬的同程vip会员您好，百旅会外籍是可以进行投保的哦，请提供有效证件（包括护照，港澳通行证，台胞证等）及出生年月即可~
,使用了保险再退百旅会有没有损失,尊敬的同程vip会员您好，如果您参加的是黄金关爱版，在七天内已经使用保险权益是要扣除20元的保险费用的哦，如果7天内无使用任何权益的话，是可以全额退款的哦。
,在境外发生意外，保险可以赔偿吗,尊敬的同程vip会员您好，东吴人寿和平安保险，在境外发生公共交通都可以算的，但是仅限公共交通意外，如果在境外发生其他意外不算的，比如爬山出事故等。
,保险是否含航班延误险,尊敬的同程vip会员您好，百旅会赠送的保险是不包含航班延误，行李丢失险的哦~
,保险投保公司,尊敬的同程vip会员您好，百旅会有三个版本哦，黄金关爱版投保公司是东吴人寿哦~白金浪漫版和铂金浪漫版投保公司是中国平安保险哦~
,赠送保险和旅游险的区别,尊敬的同程vip会员您好~旅游险是场景化的，在当时场景中，你的钱包丢了，出了一些小的问题，都有赔偿。而平安的保险，都是指大的事故。另外，在旅游景点中有一些蹦极、潜水等高危活动，也不在平安保险的赔付范围，但是旅游险会赔付。
,百旅会保险的投保年龄范围,尊敬的同程vip会员您好，百旅会平安保险的年龄在0—100周岁之间，东吴保险是18—110周岁哦。
,会员在投保之后是否可更换投保人,尊敬的同程vip会员您好，会员投保之后不能更换投保人哦，投保人需与百旅会会员权益人保持一致的哦~
,交通意外险包含哪些,"尊敬的同程vip会员您好，在保险期间内，若被保险人以乘客身份乘坐民航客机、商业运营的火车(包括客运列车、地铁、轻轨列车)和轮船、商业运营的汽车（包括公共汽车、电车、出租汽车）期间遭受意外伤害事故导致身故或残疾的，我们除了给付“意外身故/残疾保险金”外还将按照条款给付“交通工具意外身故/残疾保险金”。

如未解答您的疑问请点此联系[link class=""tosupporter""]【?人工客服】[/link]为您查询。
人工客服工作时间：8:45-5:45（周一至周五）
如果有紧急情况也可以直接拨打[link url=""tel:4001807777""]400-180-7777[/link]~进行电话咨询~"
,交通意外险不包含哪些,尊敬的同程vip会员您好，交通意外险不包含私家车、网约车、电瓶车、自行车、走路等哦~
,保险退保规则,"尊敬的同程vip会员您好，在订单支付后7天犹豫期内，保险支持自动退保，不扣减保险金额。（黄金版东吴保险系统自动退保）
超出7天犹豫期的保险不支持退保，超出7天犹豫期退款时会扣除相应的保险权益价值，保险仍然有效（黄金版东吴保险退款权益价值为20元/份工本费，平安保险退款权益价值为150元/份，双人300元）"
,平安双人保险投保，可以共用一个手机号码吗,尊敬的同程vip会员您好，平安的保险可以投两个人，两个人的信息录入的时候，要两个不同手机号。如果用同一个手机号码，会导致另一个投保不成功的。
,东吴保险和平安保险区别,尊敬的同程vip会员您好，东吴的保险权益仅包含公共交通意外险，平安的保险权益中包含公共交通意外险、意外医疗保险、意外伤害住院津贴、意外身故/残疾保险。另外东吴的保险权益为单人的，平安的保险权益为双人的。如果用户已有东吴的保险权益，平安的保险权益则是另一种补充版。
,平安保险赔偿流程,尊敬的同程vip会员您好，1：拨打保险公司报案及理赔电话，中国平安：95511。2：拨打电话医疗咨询服务： 010-59104911电话准备理赔医疗资料。3：递交理赔资料 4：保险公司调查审核  5：结案转款。
,平安保险以外医疗理赔需要什么,"尊敬的同程vip会员您好，
1）被保险人的身份证明；
2）被保险人的银行卡复印件；
3）医院出具的医疗病历、医疗费用结算清单和医疗费用原始凭证；
4）其他事故资料，请咨询95511客服人员。
保险公司审核：保险公司受理到理赔申请后进行调查及审核
打款结案：保险公司确认受理后打款给被保人，结束理赔。"
,投保之后可以不购买旅游险吗,"尊敬的同程vip会员您好，可以不再买，但是建议您再买一份。
             原因：①百旅会的保险和旅游意外保险保额度不同，赔付不同。
              ②不同保险的保障内容不同。百旅会的保险，仅针对公共交通意外身故及伤残。其他旅游意外保险涵盖出游过程中的各种情况，对于意外导致的医疗费用及非公共交通导致的身故及伤残责任都可以承担。"
,东吴保险出险了如何理赔,尊敬的同程vip会员您好，会员出险后，本人或家属直接拨打24小时服务热线400-825-6789进行报案并接受理赔指导。东吴人寿在收到保险金给付申请书及有关证明和资料后，对于理赔案件符合保险责任且无需进行调查的，将在10个工作日内作出核定；情形复杂的，在30日内作出核定。
,保险赔偿方式,"尊敬的同程vip会员您好：1）保险人在理赔期限内完成理赔后，直接委托银行将赔款划入受益人本人的银行帐户。
2）根据我国银行储蓄存款实名制规定，若主被保险人的银行卡遗失，须在第一时间到银行办理挂失，申请补卡或重新办卡，并立即书面告知保险人如下信息：姓名、身份证号码、原帐号和新帐号，经保险人书面确认后，其后的理赔金保险人将划入新的帐户。
3、人寿保险的受益人对保险人请求给付险保险金的诉讼时效期间为五年，自其知道或应当知道保险事故发生之日起计算。人寿保险以外的其他保险的受益人对保险人请求给付意外伤害保险金和医疗保险金的诉讼时效期间为二年，自其知道或应当知道保险事故发生之日起计算。"
,保险是否有保险合同,尊敬的同程vip会员您好：百旅会赠送的保险是没有保险合同的哦，如果有问题您可以自行查看保单的哦~
,邮轮的行程天数,尊敬的同程VIP会员您好，百旅会铂金浪漫版游轮一般是3天2晚或者5天4均有，不同港口，线路不同。目的地有香港、济州、长崎、佐世保等后续会陆续增加。
,邮轮可以带家人一起出行吗,尊敬的同程VIP会员您好，百旅会铂金浪漫版自带赠送双份免费邮轮游，如果需要带家人一起出行，是需要按照相关线路的正常价格参加行程的哦。
,邮轮是什么房型,"尊敬的同程VIP会员您好，百旅会铂金浪漫版游轮是内舱房双人间哦~部分游轮是可以进行升级的哦，升级房型及参考价格如下：
百旅会铂金浪漫会员，升级入住海景房，仅需补差价400元/人！
百旅会铂金浪漫会员，升级入住阳台房，仅需补差价800元/人！"
,邮轮可以转让吗,尊敬的同程VIP会员您好，百旅会铂金浪漫版权益是可以直接赠送给朋友或者家人的哦，参加行程时直接用百旅会会员账号去报名即可，并注明赠送他人使用。
,邮轮权益可以分开使用吗,尊敬的同程vip会员您好，百旅会铂金浪漫版是赠送双份权益的哦，暂时线路不支持分成两次预订行程的哦~
,邮轮都包含什么,尊敬的同程VIP会员您好，百旅会铂金浪漫版游轮这个套餐的费用是包含了该航次的单船票+港务费+指定岸上观光+天安保险（80元，具体条款参照天安保险A款，但不包含放弃登船）+领队费用，不含邮轮上的小费与邮轮消费、码头往返接驳车费用哦~
,邮轮小费多少,"尊敬的同程VIP会员您好，全程邮轮小费（船上支付）需要自行付
阳台房及以下普通舱房每人每晚13.5美元；
天海行政套房及蓝天行政套房每人每晚15美元；
总统套房及世纪套房每人每晚16.5美元；
（2周岁以下儿童免收服务费）"
,邮轮的线路是从哪里出发到哪里,"尊敬的同程VIP会员您好，目前邮轮出发的港口是从上海、广州、深圳、香港为主。从上海出发的主要是天海邮轮去往日韩目的地（比如济州、长崎、佐世保等）；深圳、广州出发的主要是维多利亚号、云顶星梦邮轮的香港公海游。（后期产品有更新会同步）具体以产品通知为准；详情也可以致电[link url=""tel:4001807777""]400-180-7777[/link]详细咨询哦。"
,铂金邮轮有vip通道吗,"尊敬的同程VIP会员您好，码头有VIP贵宾服务厅,但是VIP贵宾服务只针对百旅会会员开放哦，只有100个名额哦，先到先得。VIP会员家属同行需要自理VIP通道费用哦~"
,邮轮怎么预定,"尊敬的同程VIP会员您好，您可以直接致电[link url=""tel:4001807777""]400-180-7777[/link]进行详细线路咨询或者也可以通过您的专属顾问来 进行线路预订哦。"
,百旅会铂金浪漫版权益,尊敬的同程VIP会员您好，铂金浪漫版有以下权益，1：赠送一份双人浪漫游轮之旅2：赠送双人平安保险“金色夕阳”医疗无忧险 3：赠送特色旅拍一份+精美制作全家福一张4：赠送由中国旅游出版社发行《岁月与旅行》一年四本5：每个月可在当地门店领取百旅会会刊6：每周免费开设中老年大学，畅想幸福晚年生活7：入会即赠5699的积分哦，预订香炉享受积分优惠，8：全年365天安排一对一的专属客服为您提供专业的旅游建议哦~9：入会即赠送百旅会纪念大礼包一份哦。
,邮轮可以升舱吗,"尊敬的同程VIP会员您好，基本上都是可以升舱的哦，但是具体需要跟产品这边来确认的哦~参考：铂金产品适用航次因航期不同补差价为，升级海景双人间，仅需补差价400元/人；升级入住阳台双人间，仅需补差价800元/人。详情可以致电[link url=""tel:4001807777""]400-180-7777[/link]进行咨询哦。"
,邮轮对出游人群有限制吗,尊敬的同程VIP会员您好，为了确保出行人安全，不满6月的婴儿、孕妇不接受预订；18周岁以下的游客需同时有21周岁以上75周岁以下成人陪同出游哦。
,双人邮轮线路查看,"尊敬的同程VIP会员您好，目前双人邮轮是天海游轮哦，线路大多是日韩线路，您无法直接在手机端上查看，您可以直接咨询您的顾问或者直接致电[link url=""tel:4001807777""]400-180-7777[/link]为您详细介绍行程哦。"
,百旅会邮轮需要材料吗,"尊敬的同程VIP会员您好，百旅会游轮是正常需要材料的哦，因为都是要正常过海关，所以材料都是正常收取。具体需要材料可以直接咨询[link url=""tel:4007777777""]400-777-7777[/link]，进行详细材料咨询哦。"
,周周有活动是否可以带家人参加,尊敬的同程vip会员您好，是可以的哦，但是需提前申请，因为每次活动都有体验名额，需确认体验名额是否有剩余才能能确认。
,活动中会不会有收取额外费用,尊敬的同程vip会员您好~我们是不会收取额外费用，活动多为交流分享哦。
,周周有可以转让吗,尊敬的同程vip会员您好~是可以的哦，但是在报名参加活动需备注说明会员本人的信息哦。
,周周有活动怎么报名,"尊敬的同程vip会员您好，周周有活动您可以直接在手机端点击我的----会员中心----百旅会，点击权益周周有活动即可，系统会自动定位离您最近的门店及活动哦~日期可以自行选择，或者您也可以直接致电[link url=""tel:4001807777""]400-180-7777[/link]帮您预约哦~如未解答您的疑问请点此联系[link class=""tosupporter""]【?人工客服】[/link]为您查询。
人工客服工作时间：8:45-5:45"
,周周活动需要提前几天预约,尊敬的百旅会会员您好，因为周周大部分活动是在各区域门店举行，每周的名额也是固定的，所以活动需要您提前3天报名哦~
,临时有事可以取消吗,"尊敬的百旅会会员您好，周周有活动需要您提前24小时取消，权益恢复~如果当天取消，如果无法参加活动，权益正常扣损的哦~如未解答您的疑问请点此联系[link class=""tosupporter""]【?人工客服】[/link]为您查询。
人工客服工作时间：8:45-5:45"
,周周有活动有车接送吗,尊敬的百旅会会员您好，周周有活动是由您所在区域自行组织的活动哦，一般离您不会太远，所以也不提供接送服务的哦，可以自行安排前往即可.
,周周有活动都会有什么活动,尊敬的百旅会会员您好，周周有活动是我们同程百旅会里面开设的中老年大学哦，每周都会举行想包饺子、手工DIY、插花、广场舞、k歌、健康宣讲等~
,周周有活动怎样取消,"尊敬的百旅会会员，周周有活动需要您提前24小时取消，权益恢复，如果在活动当天取消，当天如果无法参加活动，权益也是正常扣损的哦~取消操作流程可以直接找您的专属顾问去帮您操作取消，也可以直接致电[link url=""tel:4001807777""]400-180-7777[/link]进行电话取消哦~"
,周周有活动会通知吗,"尊敬的百旅会会员您好，因为活动每周举行比较频繁，所以客服不会每一次都会去提醒通知的哦~但是如果您需要了解近期活动，您可以直接在您的微信服务群里进行随时咨询哦~客服收到回回第一时间为您查询近期活动的，也可以咨询在线人工客服为您预约如未解答您的疑问请点此联系[link class=""tosupporter""]【?人工客服】[/link]为您查询。
人工客服工作时间：8:45-5:45咨询电话：[link url=""tel:4001807777""]400-180-7777[/link]"
,预约门店活动,"尊敬的百旅会会员，在线客服无法直接为您预约门电活动哦~如果您需要预约门电周周有活动，您可以直接找您的专属顾问预订，如未解答您的疑问请点此联系[link class=""tosupporter""]【?人工客服】[/link]为您查询。
人工客服工作时间：8:45-5:45。或者可以直接致电百旅会客服电话[link url=""tel:4001807777""]400-180-7777[/link]进行电话预约哦~"
,百旅会开发票是否可以延期,尊敬的同程VIP会员您好，百旅会发票开具只要在会员有效期内来开具即可哦~（注：会员有效期为一年，自支付之日算起）
,百旅会可以开增值税专用发票吗,"尊敬的同程VIP会员您好，百旅会是可以开增值税专用发票的哦，但是需要提供以下几种资料：
纳税人名称：XXX
纳税人识别号：XXX
地址及电话：XXX
开户行及账号：XXX
纳税人身份：一般纳税人
注：(1) 以上开票信息需要加盖公司公章"
,百旅会怎样开发票,"尊敬的同程VIP会员您好：付款７天后推送到财务开票系统（注，当日１５:３０之前推送的信息当日开出，１５:３０后推送的的下一工作日开出）发票需要您致电[link url=""tel:4001807777""]400-180-7777[/link]或者直接在您的专属顾问那边申请哦。

如未解答您的疑问请点此联系[link class=""tosupporter""]【?人工客服】[/link]为您查询。
人工客服工作时间：8:45-5:45（周一至周五）"
,个人发票，可以给非会员开票吗?,尊敬的同程VIP会员您好，是可以的哦，只要提供正确的个人发票抬头（姓名）即可。
,百旅会发票类型,尊敬的同程VIP会员您好，百旅会发票可以开服务费和会员费两种哦，可以根据需求开发票哦。
,发票可以备注其他吗,尊敬的同程VIP会员您好，发票是不可以备注任何事项的的哦，开票项目只能开：服务费，会员费  二选一.
,周边一日游怎么预定,"尊敬的同程VIP会员您好：这里是机器人自动回复哦，非常抱歉无法直接为您直接预订线路，您可以直接下载手机app端。点击我的--会员中心--百旅会会员--点击快乐大巴周报一日游就可以直接 预约哦~如未解答您的疑问请点此联系[link class=""tosupporter""]【?人工客服】[/link]为您查询。
人工客服工作时间：8:45-5:45或者也可以直接致电[link url=""tel:4001807777""]400-180-7777[/link]进行预定~"
,百旅会周边一日游需要在付费吗,尊敬的同程VIP会员您好，周边一日游是权益里面赠送的哦，一年4次，中间无需自行付费呢.
,百旅会周边一日游可以带朋友去吗,尊敬的同程VIP会员您好，百旅会周边一日游一年一共有四次免费的权益哦，是可以带朋友一起参加的，但是每个人员扣除一次权益，最多连同会员一共四人出游哦~权益一年不限制，会员可自己分配时间参加哦~
,周边有小朋友可以参加吗,尊敬的同程VIP会员您好，百旅会周边游的权益也是可以转让给儿童的，但在出游时需要购买相应的保险，并且儿童必须由监护人陪同参与的哦。
,百旅会周边游是否含餐,尊敬的同程VIP会员您好，行程里面大部分都是含餐的哦，具体按照实际出团通知书为准哦~
,百旅会周边一日游可以转让吗,尊敬的同程vip会员您好~百旅会权益除了保险已经投保之外，其他的都是不能转让，其他的权益都是可以转让的哦~
,周边一日游有车接送吗,尊敬的同程vip会员您好，周边一日游是统一的出发地点哦，需要您自行前往出发地集合哦。
,周边一日游需要买保险吗,尊敬的同程vip会员您好，百旅会权益里面包含的快乐大巴周边一日游是不需要再购买保险的哦，行程里面会为您赠送保险的哦~
,周边一日游退改规则,尊敬的同程vip会员您好，行程开始前1日，旅游者可以退订（权益恢复）或改期；行程开始当日及超过出游日期的，旅游者不可进行退改，如未出游，旅游者百旅会权益一年四次周边跟团游扣减相应次数（根据具体报名出游签约人数确定）。
,百旅会周边一日游有哪些城市,"尊敬的同程vip会员您好，百旅会面对不同的城市，目的地也是不一样的哦~基本都是您周边城市的景点哦，具体您可以详细咨询您的顾问或者致电[link url=""tel:4001807777""]400-180-7777[/link]进行预定~咨询线路哦。"
,百旅会黄金版有哪些权益,"百旅会有以下权益：
1：入会2199元每年的会费，入会即赠2199的积分。
2：赠送专业医疗体检套餐一份（可转让）
3：每个季度赠送快乐大巴周边一日游，全年4次。
4：赠送东吴人寿保险，最高保额60w
5: 门店开设中老年大学，全年52周。
6：每月赠送1本会刊，可累计领取。
7：安排贴心顾问，24小时为您服务，提供专业旅游建议。
8：享受百旅会专线，专门为您制定的旅游线路。"
,百旅会黄金版问题请点这里,-
,周边一日游点评,尊敬的同程VIP会员您好，百旅会周边一日游在您行程结束时导游会给您发送二维码，扫描二维码即可对本次的线路行程，导游服务进行点评哦。
,最近有哪些一日游,"尊敬的同程VIP会员您好，这里是只能机器人自动回复哦~如果您想咨询近期的一日游，请点此联系[link class=""tosupporter""]【?人工客服】[/link]为您查询。
人工客服工作时间：8:45-5:45。客服电话[link url=""tel:4001807777""]400-180-7777[/link]。"
,一年内四次周边游不出游问题,尊敬的同程vip会员您好，会员权益有限期为一年，积分有效期为五年，除积分之外的权益要在一年会员期内使用完毕，如果一年内您无法参加，可以转让给父母或者亲友使用，如果未使用完毕，则第二年自动清零的哦.
,百旅会投诉,[$blhzrg$]
,为什么赠送的行李箱还没有收到,"尊敬的同程VIP会员您好，非常抱歉给您带来了不便，行李箱是由我们各个区域统一采购分批邮寄的哦，进度也是按照入会的顺序来邮寄的，所以时间可能比较久！如果有紧急情况可以直接联系您的顾问来帮您查询进度哦~如未解答您的疑问请点此联系[link class=""tosupporter""]【?人工客服】[/link]为您查询。
人工客服工作时间：8:45-5:45。或者也可以直接致电[link url=""tel:4001807777""]400-180-7777[/link]进行详细咨询~"
,赠送的大礼包为什么还没有收到,"尊敬的同程vip会员您好，大礼包是由各个区域分批次送出，需要耐心等待哦~如有任何问题，可以直接致电您的旅游顾问或者直接致电[link url=""tel:4001807777""]400-180-7777[/link]进行进度咨询哦~"
,百旅会抽奖没有填写信息怎么办,"尊敬的同程vip会员您好，抽到积分后是不需要留您的信息的哦，24号回统一充值到您的抽奖会员手机账户中哦~如有任何疑问可以致电[link url=""tel:4001807777""]400-180-7777[/link]进行详细咨询哦~"
,如何抽奖,尊敬的百旅会会员您好，抽奖时间为1月21日-1月23日。活动面向于百旅会会员，抽奖二维码由您的专属顾问提供哦~
,抽奖积分什么时候到账,"尊敬的百旅会会员您好，23号24点前抽中积分用户25号之前进行充值到账，24点后抽奖用户充值需要等到年后进行充值的哦。详情可以咨询[link url=""tel:4001807777""]400-180-7777[/link]"
,火车票、景点门票、出境游、国内游、酒店咨询,"尊敬的同程vip会员您好，这里是百旅会在线咨询。如果您需要别的单品项目咨询或者出游线路咨询请详细拨打[link url=""tel:4007777777""]400-777-7777[/link]热线电话进行咨询哦"
,百旅会情人节幸运大转盘活动,尊敬的百旅会会员您好，百旅会情人节活动如下：2月13日00:00~2月14日23:59期间，完成付款的百旅会白金浪漫版或黄金关爱版的会员，均可参与抽奖，百分百中奖；奖品分为八种类型：200积分，400积分，600积分，800积分，价值109元保温杯（颜色随机），价值369元的威乐尼床上四件套（颜色随机），价值689元的苏泊尔锅具三件套，价值千元的钻石小鸟吊坠；
,百旅会情人节活动怎样参与,"尊敬的百旅会会员您好，百旅会情人节大转盘活动只针对于百旅会会员哦~参与步骤如下：第一步：打开同程客户端或者下载后打开同程客户端。
第二步：登录同程客户端，需要确保登陆账号和付款账号为同一手机号码
第三步：[link url='https://app.ly.com/tool/Lottery/JQThreeDay/second']情人节大转盘点击查看[/link]"
,百旅会情人节活动中奖领取流程,"尊敬的百旅会会员您好：奖品发放流程：
1、品牌保温杯/床上四件套/苏泊尔锅具/钻石小鸟吊坠：
1）由会员市场中心统一采购，同时会根据最终中奖的顾客信息来进行奖品分配并寄往各体验店或者直接寄送给中奖顾客（需旅顾与顾客确认）；
2）奖品统一在本阶段活动结束之后7个工作之内寄送，奖品邮寄进度会有详细的订单号同步各门店/中奖顾客，便于门店/中奖顾客进行快件查询追踪；
3）奖品一旦发货后，7~10个工作日之内到货；  
2、200/400/600/800积分：
用户抽中积分的奖励后，中奖的用户信息由统一在2月14日抽奖结束后获取整理，在7天犹豫期后统一充值。"
,三八女神节，重返十八岁活动,尊敬的百旅会会员您好：3月5日至3月15日期间，凡百旅会女性会员，报名参加百旅会周边游，并将出游时的自拍照上传至指定活动页面（导游现场引导），邀请好友进行点赞，活动期间获得点赞数最多的5名会员，可获得“翠佛堂”品牌独家赞助的奢美玉石！
,怎么投不了票,尊敬的同程vip会员您好，重返十八岁活动是开始日期是3.5日---3月20日哦~每天只能投5票，有问题可以随时电话咨询哦~
,重返十八岁，活动流程,尊敬的百旅会会员您好：春风拂面、草长莺飞的日子里，即将迎来女性同胞专属节日—3.8节。活动时间：2月21日-3月8日。我们百旅会精心准备了好礼相送：价值3800元翠佛堂碧玉如意吊坠（3份）、价值400元电烤箱、价值200元空气净化四联合套装、旅行包、旅行电脑包、旅途耳机、旅行保温杯等！只要将您身旁的她曾经模样或是现在模样照片上传，即可参与。（具体参与方式：点击进入活动页面，点击左下角“报名”按钮，即可上传信息）[link url='http://a8.ttianzhu.cn/show/vote/modern/VoteList.aspx?id=103']重返十八岁点击查看[/link]
,重返十八岁怎样投票,尊敬的同程vip会员您好，投票只能微信端投票哦，您可以先关注百旅会微信公众号，点击链接[link url='http://a8.ttianzhu.cn/show/vote/modern/VoteList.aspx?id=103']重返十八岁点击查看[/link]对您想要投票的选手投票哦~
,投票,"尊敬的同程vip会员您好，这里是机器人智能自动回复哦，无法代您直接投票，您可以在微信端直接点击[link url='http://a8.ttianzhu.cn/show/vote/modern/VoteList.aspx?id=103']重返十八岁点击查看[/link]对您想要投票的选手投票哦~如未解答您的疑问请点此联系[link class=""tosupporter""]【?人工客服】[/link]为您查询。
人工客服工作时间：8:45-5:45"
,三八女王节，重返十八岁,"尊敬的同程vip会员您好：活动投票时间：2017年3月5日0点—3月20日24 点。2、活动集赞页面链接：[link url='https://app.ly.com/pub/PlatAct/VoteAct?activityurl=1577']重返十八岁点击查看[/link]
3、活动规则：1.填写正确的手机号码，同意《同程旅游服务条款》参与本活动；
2.投票开始时间为3月5日0点，截止至3月20日24点，活动期间，女性百旅会新老会员皆可参加；
3.女性百旅会员将旅游时本人的自拍美照上传至本活动页面，邀请好友进行点赞，活动结束后点赞数量最多的5名女性会员可以获得奖品，每位女性会员有一次有效参与机会，非百旅会员参与视为无效；
4：奖品设置：
第一、第二名均可获得，价值5800元""翠佛堂白玉金镶嵌路路通""1件，第三、第四、第五名均可获得，价值3800元“翠佛堂碧玉如意吊坠”1件。.活动结束5个工作日内，会有客服和您联系兑奖事宜，请确保填写信息的准确性；参与活动的用户若存在以不正当方式，同程旅游将有权终止其参与活动，取消其获得奖品的资格，具体认定以同程旅游判定为准。"
,会销活动地址在哪里,尊敬的百旅会会员您好，同程旅游将于3月18-19日在各个线下举行会销活动，各个地方的会销场所地点不一样，如果您需要咨询您当地的会销地点，可以详细咨询各个门店，如有疑问也可以直接拨打400-180-7777进行详细咨询哦~
,迪士尼活动,"尊敬的同程vip会员您好：1.为了更好回馈百旅会老客户，老会员可以使用2次周边游权益抵一次迪士尼跟团一日游，同时可以积分抵扣超值优惠价购买迪士尼跟团一日游
2.       活动内容：上海迪士尼乐园针对华东区域城市百旅会会员首次开放50周岁以上的特惠政策，且可使用专属通道优先入园，限时限量，体会不一样的迪士尼，就在同程321旅游节活动周期：3月15日-4月6日。
3：活动主题：321旅游节大牌景点春游季：百旅会遇见迪士尼
4.       发班城市：杭州、嘉兴、湖州、无锡、苏州、上海、南通、宁波"
,抽奖赠送的积分没到账,"尊敬的同程vip会员您好，参加会销活动抽到积分的用户统一在活动结束后7个工作日充值哦~如果您的积分还没有到账，耐心等待下哦~

如未解答您的疑问请点此联系[link class=""tosupporter""]【?人工客服】[/link]为您查询。
人工客服工作时间：8:45-5:45（周一至周五）"
,百旅会旅游春晚简介,"尊敬的同程vip会员您好：主题为""悦享好风光，圆梦大舞台""的《第二届中国中老年旅游春晚》之""我要上旅游春晚""活动在全国拉开帷幕。在首届旅游春晚创下超10万人参赛的盛况后，本届旅游春晚通过对赛程设计、节目的丰富性等全面升级和创新，继续为广大中老年朋友提供一个展示才艺和民俗特色的舞台。
优胜者将参与旅游春晚录制。旅游卫视春晚首播以后，各个地方台和省台会进行转播。该活动也得到了地方政府和旅游局的联合支持。
备注：百旅会会员/同程旅游会员优先享有报名参与海选机会。"
,旅游春晚赛事安排,"尊敬的同程vip会员您好：活动主题：悦享好风光，囿梦大舞台
  活动时间：
  1、才艺晋级赛：
  海选赛   2017年3月 -8月
  晋级赛 2017年9月 -10月
  2、旅游体验赛
  特别赛 2017年3月 -10月
  1 2站 2017年7月 -10月
  3、全国总决赛 2017年11月 -12月
  4、春晚录制 2018年1月
  执行地点：全国38个大区(赛区)+目的地、 12个景区、赞劣地等地区
  主办单位：同程旅游
  合作单位：旅游卫视
  承办单位：百旅会"
,百旅会积分转让,尊敬的同程VIP会员您好，百旅会的积分是可以转让的哦，但是仅限于预订人和收益人之间转让，非会员是无法转让的哦~
,百旅会积分怎样查询,"尊敬的同程VIP会员您好，同同无法为您直接查询，非常抱歉为您带来的不便~百旅会积分可以直接登录手机app端进行查询哦。具体查询步骤登录手机app端--点击我的--会员中心--百旅会会员，进入页面后可直接查询剩余积分哦，如未解答您的疑问请点此联系[link class=""tosupporter""]【?人工客服】[/link]为您查询。
人工客服工作时间：8:45-5:45。或者您也可以直接致电400-180-7777百旅会客服热钱，您也可以直接在线咨询您的顾问为您查询哦~"
,百旅会能抵扣多少,"尊敬的同程VIP会员您好，每条线路积分抵扣的规则不一样哦，具体的每条线路上面都会有说明的，具体从线路详情里面查看哦~如果还有疑问，可以直接拨打[link url=""tel:4007777777""]400-777-7777[/link]进行线路积分咨询哦。"
,机票酒店可以使用积分抵扣吗,尊敬的同程VIP会员您好，单品一般不支持积分抵扣哦，像酒店，机票，景点门票，火车票都是不支持积分抵扣的哦~ 国内游（长线或者短线，跟团或者自由行）出境游（跟团或者自由行）都是可以正常抵扣的哦~具体详细看线路说明哦~
,百旅会哪些线路可以使用积分抵扣,尊敬的同程VIP会员您好，百旅会的积分大部分线路都是受用的哦，像出境（自由行或者跟团）国内游（长线或者短线)，基本上都是可以直接使用的哦~具体可以查看线路说明.
,积分可以非会员使用吗,尊敬的同程VIP会员您好，百旅会积分使用无会员限制的哦，您可以和您的家人或者朋友共同使用账户里面的积分哦~（账户有积分的情况下哦）
,儿童可以使用积分吗,尊敬的同程VIP会员您好，百旅会积分部分线路儿童是无法参加积分活动的哦，每条线路预订规则不一样，具体详细看线路说明哦~
,百旅会怎样获得获得积分,"尊敬的同程VIP会员您好，百旅会在会员期间获得积分的方式有两种.第一可以进行转介绍朋友加入百旅会,可获得部分积分.（转介绍规则如下：黄金关爱版转介绍积分200,白金浪漫版转介绍积分300,铂金浪漫版积分400）.第二，可以购买百旅会1000积分的升级包。详细可以拨打[link url=""tel:4001807777""]400-180-7777[/link]进行充值哦~"
,线路取消积分什么时候到账,"尊敬的同程VIP会员您好，订单无支付的情况下要取消订单，积分及时到账。支付后线路无损的情况下取消订单，在退款完成后积分及时到账。线路有损失的情况，积分会根据线路判定可能会有相应的损失，详情要咨询线路专员哦。如果还未解决您的疑问，您可以直接致电[link url=""tel:4001807777""]400-180-7777[/link]，线路有损情况，咨询[link url=""tel:4007777777""]400-777-7777[/link]"
,积分在谁的名下呢,"尊敬的同程VIP会员您好，以12月24日0时为时间节点，24日后下单的客户，积分全部在下单人的名下；
              24号之前下单并且激活的，积分在受益人名下；
              24号之前下单但是24号后激活的，积分在下单人名下"
,积分抵扣是否可以和其他优惠同时使用,"尊敬的同程VIP会员您好，以12月24日0时为时间节点，24日后下单的客户，积分全部在下单人的名下；
              24号之前下单并且激活的，积分在受益人名下；
              24号之前下单但是24号后激活的，积分在下单人名下"
,百旅会积分抵扣比例,"尊敬的同程vip会员您好，百旅会积分抵扣比例1:1,1:2的都有哦，具体可以查看线路说明，显示双倍积分的就是1:2哦~"
,百旅会积分问题请点这里,-
,积分抵扣规则,尊敬的同程VIP会员您好，百旅会入会就送等值的积分，积分不限人数，可以和朋友家人共同使用。（在账户有积分的前提下）每条线路所抵扣的积分不一样，具体可以直接查看线路抵扣规则哦~一年内积分使用不限制次数，只要账户有积分，线路支持使用积分，都是可以正常参与的哦~
,为什么我的积分显示是零呢,尊敬的同程VIP会员您好，百旅会积分在您预订完成并且成功签约及激活的情况下才能显示积分明细哦~如果您的百旅会会员已经签约但是并没有激活的情况下，积分是不显示的哦~
,百旅会积分能转让吗,"尊敬的同程vip会员您好，百旅会积分仅限于会员与会员之间转让哦，您自己无法直接操作，如果您需要转让积分，您可以直接联系您的顾问去帮您申请，也可以直接致电[link url=""tel:4001807777""]400-180-7777[/link]进行申请哦~"
,积分提现,尊敬的同程VIP会员您好，百旅会入会即赠等值积分，积分是在旅游线路预订是享有积分抵扣折扣，不能用于提现哦~
,积分有多少,尊敬的同程vip会员您好，入会百旅会会赠送等值的积分哦，百旅会黄金关爱版是2199的积分，白金国内版是3699的积分，铂金浪漫版是5699的积分。同程要客则为4500积分哦。如有问题可以直接在线咨询人工服务哦。
,积分未到账,"尊敬的同程vip会员您好，转介绍入会赠送积分有7天的犹豫期，推荐会员已成功入会并且已经过7天犹豫期后积分到账。如果是活动抽奖赠送的积分，一般为活动结束后统一进行充值，如果您一直未收到积分，可以详细咨询[link url=""tel:4001807777""]400-180-7777[/link]进行查询。"
,要客转介绍积分有多少,尊敬的同程vip会员您好，在您入会要客后，并将产品转介绍给您的朋友成功入会，是会赠送您200元的积分哦。
,积分有效期是多久,尊敬的同程vip会员您好，百旅会所有会员的积分有效期是五年哦，即使您第二年不充值会员费，积分也是可以正常在五年内使用的哦，五年内未使用完毕是会自动清零的哦~
,积分是会员才有的吗,尊敬的同程vip会员您好，百旅会积分是只有vip会员才拥有的哦~
,我的积分为什么少了？,"尊敬的同程VIP会员您好，如果您未使用积分有积分减少的情况下，您可以联系我们协助您查看积分扣减情况哦。如未解答您的疑问请点此联系[link class=""tosupporter""]【?人工客服】[/link]为您查询。
人工客服工作时间：8:45-5:45（周一到周五）

也可以致电：[link url=""tel:4001807777""]400-180-7777[/link]进行查询。"
,百旅会相册的构成,尊敬的vip会员您好：相册有三种款式，每本相册10个版面，内含20张照片，三本相册内容相同材质尺寸分别为：一款皮质封面12吋，一款木质封面10吋，一款皮质封面（绒面）12吋，可以根据个人喜欢好三选一哦。三种相册样式均可至同程旅游体验店查看。
,百旅会拍摄是在船上还是岸上,尊敬的百旅会会员您好，因为邮轮上应有尽有，且取景地比较好，百旅会旅拍全部是在邮轮上面拍摄的哦~
,爱家途影具体指哪些内容,尊敬的同程vip会员您好，出游中：婚礼环节享受专业化妆和专业拍摄；出游后：享受专业修片并制作电子数码相册一份（H5）和精美相册一份+一张纪念光盘。
,百旅会的服装有几套,尊敬的同程vip会员您好，婚拍婚纱有一套哦，西式婚礼：男士一套西装（西裤、衬衫、马甲），女士一套婚纱，款式统一，有SML等不同尺码。
,回团后什么时候拿到相册,尊敬的同程vip会员您好：回团后，旅拍10天内可制作完成电子相册（H5）给到客服，客服同步至您进行选片同时记录邮寄地址，并回收您自己提供的照片和子女提供的信件，选片和回收动作5天内完成，同步至旅拍进行修片和相册制作并邮寄（30天左右），所以回团后预计45天拿到完成后的相册。（如果未及时完成选片，相册交付时间顺延）
,人工(工作时间8:45-5:45),[$blhzrg$]
,人工工作时间,"尊敬的同程vip会员您好，百旅会人工客服工作时间为周一到周五（8:45-5:45）哦~如果有紧急问题可以直接致电[link url=""tel:4001807777""]400-180-7777[/link]进行电话咨询哦~"
,入会后有没有一对一的顾问,尊敬的vip会员您好，在您入会前我们会为您安排一对一的专属旅游顾问为您解答您的疑问，线路问题，行程问题都可以一一为您解答，入会后我们会为您安排一对一的专属客服为您跟进售后问题，后续如果要预约活动、参加线路、预约体检、售后问题可以随意咨询我们的专属客服，我们会第一时间为您解答问题的哦。
,人工电话怎么打不通,"尊敬的同程vip会员您好，百旅会人工客服热线400-180-7777.如果您未接通的情况下应该是人工繁忙，可以过五分钟左右再次拨打。如未解答您的疑问请点此联系[link class=""tosupporter""]【?人工客服】[/link]为您查询。
人工客服工作时间：8:45-5:45（周一到周五）"
,呵呵呵,"不好意思，同同没有明白您的意思，您可以换个方式提问吗？举例：（问题中加关键字、一句一句问、问句完整简介）或者请点此联系[link class=""tosupporter""]【?人工客服】[/link]为您查询。
人工客服工作时间：8:45-5:45（周一到周五）"
,怎样在app端查百旅会的订单,尊敬的同程vip会员您好~百旅会会员不是以订单的方式呈现的哦，百旅会是以会员的方式呈现，首先用受益人的手机号码登录手机客户端-点击我的--会员中心--百旅会会员，进去后在页面上直接可以看到您的会员信息和剩余积分的哦~
,百旅会可以开什么类型的发票,尊敬的同程vip会员您好，百旅会的发票类型有两种哦，服务费和会员费。
,预约体检注意点,"尊敬的同程vip会员您好，预约时间：提前5天预约会员日。1：每家体检中心只有会员日（周一到周五之间）跟非会员日（周六或者周日）可以预约体检，会员日有专门的工作人员陪同体检
2：体检项目当中有些是需要空腹检查的，比如抽血，腹部彩超，尿检，这些项目只有空腹才能确保检测结果的准确性。
3：预约体检务必预留当日体检人的手机号码和身份证号码。"
,百旅会怎么预约体检,"尊敬的同程vip会员您好，预约体检的方式有三种哦~第一，您可以直接在手机app端进入百旅会会员专区去自行选择预约体检（系统会自动定位离您最近的体检机构）
第二，您可以直接致电百旅会热线[link url=""tel:4001807777""]400-180-7777[/link]进行预约体检
第三，您也可以直接和您的专属顾问预约体检哦~

如未解答您的疑问请点此联系[link class=""tosupporter""]【?人工客服】[/link]为您查询。
人工客服工作时间：8:45-5:45（周一至周五）
如果有紧急情况也可以直接拨打[link url=""tel:4001807777""]400-180-7777[/link]~进行电话咨询。"
,百旅会体检项目包含哪些,"尊敬的同程vip会员您好~百旅会健康权益全称：精准健康管理初筛计划，包含一年一次免费检前健康问卷，一次百旅会中老年专享体检（基础内外科，眼耳鼻喉科，心电图，胸部DR，腹部彩超，血常规，尿常规，血脂，血糖，肝功，肾功，肿瘤筛查AFP和CEA,骨密度），集中体检日参检同程专人陪检，健康专家报告解读和健康管理建议，不定期健康讲座。"
,百旅会体检权益可以赠送给朋友吗,尊敬的vip会员您好，百旅会体检权益在没有预约的情况下是可以直接转让的哦~预约体检时留体检人的手机号码和体检人的身份信息即可，体检时出示身份证即可~
,百旅会体检大概要花多长时间,尊敬的vip会员您好~一般的话体检需要两小时左右，人多排队的话可能会更长些，这要根据体检机构当天体检人数的多少哦，不过我们的陪检人员会安排体检流程，最大程度的节省你们的时间。
,已经预约了体检可以转让给朋友吗,"尊敬的vip会员您好：A您不去了我这边可以帮你取消预约，等到您方便的时候还可以重新预约体检。
  B如果您转送给朋友也是可以的，这边需要您提供朋友身份证信息~（具体操作可直接拨打[link url=""tel:4001807777""]400-180-7777[/link]哦）"
,百旅会体检报告什么时候出结果,尊敬的vip会员您好：每个体检机构出报告的时间都不太一样，一般是3-7工作日哦。
,怎样获取体检报告,"尊敬的同程vip会员您好：目前体检报告一般是您自己上网查询（体检机构会提供账号和密码）或者到体检机构自取。也可以要求体检机构邮寄，需要到付。（各个体检机构报告获取方式不一样，具体您可以到现场咨询体检机构）如果未解决您的疑问，您可以致电[link url=""tel:4001807777""]400-180-7777[/link]）进行详细咨询"
,百旅会体检报告能用于旅游体检的报告吗,尊敬的同程vip会员您好：百旅会的体检机构都是专业的体检机构，是可以用于旅游的体检报告的哦~
,体检中心早上几点开门,尊敬的同程vip会员您好，体检中心一般情况下是是早上7:30开始营业，您7:30准时到达体检中心即可~
,为什么要会员日去体检,尊敬的同程vip会员您好，会员日是我们和体检机构约定的，人数上会控制比平时好，而且我们安排了陪检的同事，更好的给会员服务，及时解答和处理问题的哦~
,是否需要空腹体检,尊敬的同程vip会员您好，体检项目当中有些是需要空腹检查的，比如抽血，腹部彩超，尿检，这些项目只有空腹才能确保检测结果的准确性的呢。
,体检项目不够，可以添加吗,尊敬的百旅会会员您好，我们现在提供的项目初步覆盖全身各个系统，如果您在某些项目上需要更深入的检测，可以联系我们的陪检员，现场进行付款加项，可以享受百旅会会员价八折（美年、爱康），其他机构后期同步共享中~
,预约完体检可以变更体检人吗,"尊敬的vip会员您好，体检预约后一般情况下是可以变更体检人的，需要在体检前3个工作有日进行变更或者取消。如果需要变更体检人可以直接致电[link url=""tel:4001807777""]400-180-7777[/link]哦

如未解答您的疑问请点此联系[link class=""tosupporter""]【?人工客服】[/link]为您查询。
人工客服工作时间：8:45-5:45（周一至周五）
如果有紧急情况也可以直接拨打[link url=""tel:4001807777""]400-180-7777[/link]~进行电话咨询~"
,预约完体检修改取消规则,"尊敬的同程vip会员您好，取消预约体检需要在体检前三个工作日可以取消或者修改体检时间，预约体检三个工作日之内无法进行取消的。体检当日无法参加体检则视为权益已经使用。详情可以直接致电[link url=""tel:4001807777""]400-180-7777[/link]进行咨询。

如未解答您的疑问请点此联系[link class=""tosupporter""]【?人工客服】[/link]为您查询。
人工客服工作时间：8:45-5:45（周一至周五）
如果有紧急情况也可以直接拨打[link url=""tel:4001807777""]400-180-7777[/link]~进行电话咨询~"
,在哪里体检,"尊敬的同程vip会员您好，每个会员区域基本都有我们的合作机构哦~您可以直接找您的专属客服为您查询离您最近的体检机构及体检地点，如果未查询到您想要了解的信息，您可以直接致电百旅会客服热像为您详细解答哦~百旅会热线电话：[link url=""tel:4001807777""]400-180-7777[/link]。"
,体检适合老年人吗,尊敬的vip会员您好，百旅会体检是专门针对中老年人群设定的一个全面检查，癌筛查定性，对肝，胃，肺，直肠，乳腺等都关联了，血脂血糖血压三高也涉及了，老年人骨质疏松骨密度也包含了，DR肺部的问题都有考虑到了。会员如果还有个性化的一些项目需求，可以现场联系我们的陪检员增加项目，可以享受百旅会会员折扣。
,不是百旅会会员可以参加体检吗,尊敬的同程vip会员您好，不是百旅会会员暂不接受预订体检哦~但是如果是百旅会会员权益转赠的情况下，可以预约体检哦~
,百旅会体检问题请点这里,-
,百旅会怎样签约,尊敬的同程VIP会员您好~您的订单已经生成并且已经支付完成后，我们会给您发送一条签约短信，里面附带有我们的合同哦，按着我们提示的步骤操作即可~点击同意签约，即合同已经签约完成，或者也可以直接到我们线下旗舰店进行签约哦~
,百旅会订单支付方式,"尊敬的同程VIP会员您好，第一：在预订完成之后会系统会自动给您发送支付链接的哦~您可以直接点击我们为您提供的支付链接进行支付，支付方式：支付宝、微信、信用卡、储蓄卡都可以哦~如果都无法进行支付，您可以直接致电[link url=""tel:4001807777""]400-180-7777[/link]进行电话咨询哦。第二：您可以直接到线下体验店进行支付签约。"
,百旅会订单预付定金问题,尊敬的同程VIP会员您好，百旅会的订单目前不支持支付部分定金哦，需要全额支付的，协议签约才能正常使用的哦。
,百旅会可以到门店签约吗,尊敬的同程VIP会员您好，百旅会是可以提供纸质的合同也可以进行短信签约，如果您需要要纸质签约，您可以直接到您所在的地区的旗舰店进行纸质签约的哦。
,百旅会签约付款流程,"尊敬的同程VIP会员您好，百旅会是支持先签约后支付的哦，具体操作流程可以直接联系您的专属顾问或者直接致电百旅会热线进行为您服务哦~（百旅会热线[link url=""tel:4001807777""]400-180-7777[/link]）"
,百旅会订单,"尊敬的同程VIP会员您好，在预订完成之后会系统会自动给您发送支付链接的哦~您可以直接点击我们为您提供的支付链接进行支付，支付方式：支付宝、微信、信用卡、储蓄卡都可以哦~如果都无法进行支付，您可以直接致电[link url=""tel:4001807777""]400-180-7777[/link]进行电话咨询哦。"
,会员价格,"尊敬的同程VIP会员您好，百旅会会员有三个版本哦，黄金关爱版价格为2199元，白金浪漫版价格为3699元，铂金浪漫版价格为5699元哦~如需详细咨询可直接致电[link url=""tel:4001807777""]400-180-7777[/link]进行电话咨询哦。"
,程程白条支付百旅会,尊敬的同程VIP会员您好，程程白条是不可以支付百旅会的订单哦~支付方式可以是线下支付或者线上都可以哦。
,百旅会会员可以直接支付旅游订单吗,尊敬的同程VIP会员您好：百旅会的订单费用是一年的会费哦，百旅会会员的费用是无法直接支付旅游的费用哦，入会即享有等值积分，是可以享用积分抵扣，积分比例有一比一，一比二。
,百旅会怎么申请退款,"尊敬的同程VIP会员您好，您无法直接申请退款的哦，如果需要申请退款，可以直接跟您的专属顾问沟通或者可以直接致电百旅会热线进行详细咨询哦，咨询热线[link url=""tel:4001807777""]400-180-7777[/link]~

如未解答您的疑问请点此联系[link class=""tosupporter""]【?人工客服】[/link]为您查询。
人工客服工作时间：8:45-5:45"
,百旅会可以退吗,"尊敬的同程vip会员您好，入会后有七天的犹豫期哦，在七天犹豫期内并且没有使用任何权益，是可以直接去申请退款的哦~

如未解答您的疑问请点此联系[link class=""tosupporter""]【?人工客服】[/link]为您查询。
人工客服工作时间：8:45-5:45"
,百旅会退款什么时候到账,"尊敬的同程vip会员您好，退款都是原路退回的哦，支付宝是3-5个工作日到账，储蓄卡是7-10个工作日，信用卡是10-15个工作日哦~客官不要着急，在提交申请后我们的工作人员也会在第一时间为您处理的哦~

请点此联系[link class=""tosupporter""]【?人工客服】[/link]为您查询。
人工客服工作时间：8:45-5:45"
,百旅会积分已经抵用可以退会吗,尊敬的同程vip会员您好，如果您还在7天犹豫期内，并且已经使用了相应积分，是要扣除相应等值积分的费用哦~如果已经过了7天犹豫期，是不支持退的哦~
,使用百旅会积分预订了线路，积分可以退吗,"尊敬的同程vip会员您好，如果已经使用了百旅会积分预订线路，在线路无损的情况下，积分会自动退还。线路产生损失的情况下积分也是有相应的损失的哦~具体损失情况请详细咨询[link url=""tel:4007777777""]400-777-7777[/link]。"
,在门店支付现金怎么退款,尊敬的同程vip会员您好，如果您在门店支付的现金，可以直接到门店去取现金的哦~退款一般都是原路退会的哦~
,百旅会退款有损失吗,"尊敬的同程vip会员您好：1、7天犹豫期内，没有使用任何权益，可以退，但是大礼包原物退回。
2、7天犹豫期内，已经激活，使用了相关权益，比如积分等，则需大礼包原物退回+等值权益价格。其中保险在7天犹豫期内，如果投保，可以申请退保，不扣费用，不过该保险也不再生效
3、超过7天犹豫期，退款是有相应的损失哦。"
,百旅会退改问题请点这里,-
,百旅会的订单怎么取消,"尊敬的同程vip会员您好，如果您需要取消百旅会订单可以直接联系您的 专属顾问帮您进行取消，也可以直接致电百旅会客服热线电话进行取消哦。

[link url=""tel:4001807777""]400-180-7777[/link]

如未解答您的疑问请点此联系[link class=""tosupporter""]【?人工客服】[/link]为您查询。
人工客服工作时间：8:45-5:45"

,百旅会超出犹豫期怎么退,"尊敬的同程vip会员您好，超出七天犹豫期是有相应的损失喔。具体权益损失请根据下方核算方式：礼品完好无损的情况下自行联系顾问沟通回寄问题。礼品已使用或者有损情况下，扣除相应损失。权益计算如下：

超出七天扣除【（卡金额/卡有效期）*已使用天数】
已使用权益-7天内
消费积分积分所抵扣的金额，扣完即止
消费权益扣除系统录入的权益价格，扣完即止，保险金额无需扣除，保险将退保
已使用权益-超出7天
消费积分（卡金额/卡有效期）*已使用天数+积分所抵扣的金额，扣完即止
消费权益（卡金额/卡有效期）*已使用天数+扣除系统录入的权益价格，扣完即止
备注： 百旅会赠品（大礼包）退款时需退回； 7天犹豫期外，保险投保成功则算消费权益，需要扣减相应权益价格
重点：东吴保险退款权益价值改为20元工本费，平安保险退款金额保持150元/单人。请点此联系[link class=""tosupporter""]【?人工客服】[/link]为您查询。
人工客服工作时间：8:45-5:45（周一至周五）"
,退款没有收到通知,尊敬的同程vip会员您好，退款提交时会有短信提示的哦，支付宝是3-5个工作日到账，储蓄卡是7-10个工作日，信用卡是10-15个工作日哦~客官不要着急，在提交申请后我们的工作人员也会在第一时间为您处理的哦。
,退款什么时间到账,"尊敬的同程vip会员您好，百旅会退款是需要走流程的哦，提交退款申请后您那边是有短信提示的，也会有专门的退款专员与你取得联系。一般情况下支付宝是3-5个工作日到账，储蓄卡是7-10个工作日，信用卡是10-15个工作日哦~客官不要着急，耐心等待哦~如果再规定的时间内还没有到账，您可以直接致电400-180-7777咨询退款进度哦~请点此联系[link class=""tosupporter""]【?人工客服】[/link]为您查询。
人工客服工作时间：8:45-5:45"
,要客可以退吗,"尊敬的同程vip会员您好：加入要客后有个七天的有效期，在七天有效期内并无使用任何权益是可以申请退的哦，如果超出七天犹豫期退订是有损失的哦~
如未解答您的疑问请点此联系[link class=""tosupporter""]【?人工客服】[/link]为您查询。
人工客服工作时间：8:45-5:45（周一至周五）
如果有紧急情况也可以直接拨打[link url=""tel:4001807777""]400-180-7777[/link]~进行电话咨询。"
,要客怎么申请退款,"尊敬的同程vip会员您好，您无法直接在手机端申请退款哦，如有需要可以点此联系[link class=""tosupporter""]【?人工客服】[/link]为您查询。
人工客服工作时间：8:45-5:45（周一至周五）
或者也可以直接拨打[link url=""tel:4001807777""]400-180-7777[/link]~进行电话咨询。"
,升级包怎么退款,"尊敬的同程VIP会员您好，升级包权益如果没有使用的情况下是可以正常申请退款的，如果权益已经使用，是要扣除部门费用的哦，具体您可以直接转接[link class=""tosupporter""]【?人工客服】[/link]为您查询。"
,百旅会是什么,尊敬的同程VIP会员您好，百旅会是一个中国中老年旅游VIP会员俱乐部、中国中老年品质旅游幸福生活社群，由我们同程开发的一系列适合老年人出游的线路，同时附加社区门店或者团队出游活动，让老年人的生活更为丰富多彩。
,百旅会怎么预定,"尊敬的同程VIP会员您好，如您要成为百旅会会员，您打开同程旅游手机客户端-点击保险下方的“百旅会”-“会员权益”-“加人百旅会”-完善您的信息或者直接致电[link url=""tel:4001807777""]400-180-7777[/link]即可成为我们百旅会俱乐部的VIP会员哦。"
,百旅会有什么特点,尊敬的同程VIP会员您好，百旅会是同程旅游专门为中老年打造的中老年品质旅游幸福生活社群，有以下优点：1入会即赠等值价格积分，预订线路有优惠幅度，可多人共同使用积分。2：收客限龄宽，最大收客年龄是70-100岁，让更多的老年人可以享受到旅行的乐趣~3：定制专属线路，安排同程金牌领队，行程更加轻松愉快~4：免费赠送全面体检套餐 5：结识更多志同道合的朋友，丰富晚年生活。
,百旅会会员有效期,尊敬的同程VIP会员您好，百旅会会员的有效期是一年哦，但是积分的有效期是五年，即使第二年您没有入会，积分也是可以正常使用的哦。
,百旅会岁月与旅行怎么投稿,尊敬的同程VIP会员您好~百旅会岁月与旅行是同程旅游与中国旅游出版联合合作的中老年旅游故事征集大赛，投稿邮箱是Blh999@ly.com.
,百旅会3999套餐包含往返交通吗,尊敬的同程VIP会员您好，百旅会白金浪漫版包含的3天2行程是国内游目的地跟团游的行程哦，是不含往返的大交通的哦~需要您自行前往，但是您到目的地后会有导游跟您联系的呢。
,百旅会推荐朋友有优惠吗,尊敬的同程VIP会员您好，百旅会是积分制的哦，推荐朋友入会会给您赠送积分的哦~没有别的优惠呢。推荐黄金版积分赠送200，白金版赠送积分300.
,80岁老人能参加百旅会吗,"尊敬的同程VIP会员您好，百旅会收客范围在20-100岁哦,权益不受限制，年轻人可以使用积分折扣，老年人可以使用我们的增值权益如（中老年大学、一年两次的会员才艺大赛），只要身体无恙，百旅会都是可以接待的哦~"
,百旅会的折扣线路在哪里查看,尊敬的同程VIP会员您好，您可以直接登录手机app端，进入首页后在金融理财下面有一个积分抵扣的标示，点击进入后就可以直接查看相应线路折扣哦~
,活动会通知我吗,"尊敬的同程VIP会员您好，因为平时线下活动开展次数频繁，所以不会每次活动都做出通知，如果有需要了解近期活动内容，您可以直接在微信群服务中咨询客服详细了解近期活动，或者直接登录手机app——我的——会员中心——百旅会进行预约哦，也可以直接联系您的顾问帮您预约或者致电[link url=""tel:4001807777""]400-180-7777[/link]进行预约。"
,百旅会怎样激活,"尊敬的同程VIP会员您好，百旅会订单支付完成后7天内需要进行激活哦~付款前维护好您个人的身份信息，如：姓名、性别、使用人手机号码、身份证号码、常住地址等信息维护好，付款完成在半个小时之内会自动激活哦~也可以直接把您的信息给您的专属顾问去帮您操作。注（填写个人信息时务必核查身份证号码及激活人手机号码，填写错误后期修改会很麻烦哦~）

如未解答您的疑问请点此联系[link class=""tosupporter""]【?人工客服】[/link]为您查询。
人工客服工作时间：8:45-5:45（周一至周五）"
,百旅会怎样注册会员,"尊敬的同程VIP会员您好，百旅会会员是会员制的哦，不同版本每年要收取不同的会员费~黄金关爱版每年会费2199元、白金浪漫版每年会费3999元、铂金浪漫版每年会费5699元哦~每个版本也有不同的权益哦~详情可以直接致电[link url=""tel:4001807777""]400-180-7777[/link]进行电话咨询哦~

如未解答您的疑问请点此联系[link class=""tosupporter""]【?人工客服】[/link]为您查询。
人工客服工作时间：8:45-5:45（周一至周五）
如果有紧急情况也可以直接拨打[link url=""tel:4001807777""]400-180-7777[/link]~进行电话咨询~"
,会员权益可以给别人使用吗,尊敬的同程VIP会员您好，百旅会的权益是可以转让给家人或者朋友的哦，部分权益已经使用就无法转让的哦~（如：保险）报名参与活动时需跟客服说明会员本人，及会员手机号码哦。
,怎样查看百旅会线路,尊敬的同程VIP会员您好，大部分线路都是可以使用积分抵扣的，线路在您预订的时候有百旅会积分抵扣字样的均可使用百旅会积分，单品则无法使用积分抵扣哦。
,百旅会的权益在哪里查看,"尊敬的同程VIP会员您好，在您加入百旅会后订单已经签约并激活的状态下才能查看您的相关权益哦，激活可以直接找您的专属顾问去帮助您激活。具体查看步骤如下：
同程旅游app--首页--点击我的--会员中心--点击百旅会，进入后方可查看您所剩余的权益信息哦。"
,百旅会会刊在哪里领取,尊敬的同程VIP会员您好，百旅会会刊在各个线下体验店领取哦~会刊不提供邮服务，时间为每个月领取，您可以到离您最近的体验店去领取，也可以让朋友带领。
,怎样查找百旅会订单,尊敬的同程VIP会员您好，百旅会不是以订单的形式展现的哦，百旅会是以会员的形式展现，在您的会员签约并激活完成后，您的会员账户会显示是百旅会会员，具体可以直接登录手机app点击我的——会员中心——更多会员——百旅会会员，会展现出您的百旅会会员权益哦。
,怎样查看我的百旅会账户,尊敬的同程VIP会员您好，您预订百旅会的手机号码即是百旅会的会员账户哦~您的会员信息已经签约并激活的状态下才能查看您的会员权益哦。具体可以直接登录手机app点击我的——会员中心——更多会员——百旅会会员，会展现出您的百旅会会员权益哦。
,百旅会会刊什么时候领取,尊敬的同程VIP会员您好，百旅会会刊每月10日领取，如果你当日没有无法去领取，可以延期领取。
,百旅会会员如何及时获知自己所在地域权益信息？,"尊敬的同程VIP会员您好，可通过以下方式获取自己所在地域权益信息：
       1)百旅会服务号
       2) [link url=""tel:4001807777""]400-180-7777[/link]客服电话
       3)同程旅游APP 百旅会频道
       4)ly.com网站百旅会频道
       5)咨询专属顾问
       有任何新的活动，也会通过百旅会公众号推送给客户（前提是客户的账号跟百旅会服务号绑定）您可以自行通过百旅会服务号预约权益，或者致电400客服热线及旅游顾问协助预约权益"
,百旅会合同签订,"尊敬的同程VIP会员您好：百旅会合同签订方式有两种，第一：短信签约，即订单支付完成后系统自动给您发送签约短信，您只需要点击“回复并同意”按钮即可。第二：您可以直接到离您最近的线下体验店进行纸质签约。如果以上未能解答您的疑问，您可以直接致电[link url=""tel:4001807777""]400-180-7777[/link]客服电话进行详细咨询~"
,百旅会微信群服务,尊敬的同程VIP会员您好，在您加入百旅会并支付完成后，您的专属顾问会为您进行拉微信群服务，微信群服务客服是您所在区域的客服，以便在您后续有预约权益问题，百旅会售后问题，行程问题，行程中问题，问题的反馈等在第一时间能够得以处理~
,百旅会的费用可以直接购买产品吗,"尊敬的同程VIP会员您好，百旅会所缴纳的费用是一年的会费，入会即赠送您等值的积分，是不可以进行直接进行购买产品，积分只能抵扣掉部分的优惠哦~有任何问题[link url=""tel:4001807777""]400-180-7777[/link]进行电话咨询哦~"
,不是会员可以参加旅游吗,尊敬的同程VIP会员您好，同程旅游线路针对所有会员哦，部分专属线路是针对百旅会会员抵扣和百旅会积分抵扣，线路上都标有文字说明，具体可以查看线路详情。如果还未解决您的疑问，可以直接拨打400-180-7777进行详细咨询。
,已经参加了百旅会，为什么显示是普通会员,"尊敬的同程VIP会员您好，订单支付完成且已经激活的状态下，订单状态为百旅会会员哦~如果订单显示是普通会员，则百旅会会员还未激活。如果需要激活，可以直接联系您的专属客服

如未解答您的疑问请点此联系[link class=""tosupporter""]【?人工客服】[/link]为您查询。
人工客服工作时间：8:45-5:45（周一至周五）
如果有紧急情况也可以直接拨打[link url=""tel:4001807777""]400-180-7777[/link]~进行电话咨询~"
,百旅会可以跨区域参加活动问题,"尊敬的同程vip会员您好，同程旅游旗舰店在全国各地基本都有旗舰店的哦，所以百旅会的权益可以跨区域参加，但是权益都是需要您提前进行预约的，可以直接找您的专属顾问进行预约，也可以直接致电[link url=""tel:4001807777""]400-180-7777[/link]进行预约哦~"
,百旅会会员实体卡丢失怎么办？,尊敬的同程vip会员您好：百旅会初期会员是赠送实体卡的哦，12月后期的会员直接凭手机号码验证会员哦。预约活动都无需再出示实体卡哦，直接凭会员手机号码报名即可~
,为什么交了费用，还显示不是会员,尊敬的同程vip会员您好，您入会后需要先进行激活会员，激活会员后才会显示您是百旅会会员同时积分也会到账。如果您没有激活的情况下，是不会显示会员信息和积分的哦~
,升级包是什么,尊敬的同程vip会员您好，升级包是百旅会退出的积分升级包，价格为1000元，权益包含1000积分及4次周边一日游。
,积分商城在哪里查看,尊敬的同程vip会员您好：积分商城的打开方式：打开手机APP——首页——百旅会要客——积分商城。
,积分商城是什么,尊敬的百旅会会员您好，积分商城是百旅会对百旅会会员积分做出一个商品优惠活动，可以兑换一些旅游居家用品。如：旅行箱、转换插头、除螨仪、四件套等些物品~
,体验店地址在哪里,"尊敬的同程VIP会员您好，
如果未查询到您想要的城市，您可以直接登录同程官网www.ly.com，进入首页拉到最下方页面，点击联系我们，往下拉即可看到同程各个旗舰店地址、交通、联系电话哦~

如未解答您的疑问请点此联系[link class=""tosupporter""]【?人工客服】[/link]为您查询。
人工客服工作时间：8:45-5:45"
,同程旅游江苏体验店地址,"尊敬的同程VIP会员您好，江苏有多个体验店哦，以下只是部分体验店，如果未查询到您想要的信息，您可以直接登录同程官网www.ly.com，进入首页拉到最下方页面，点击联系我们，往下拉即可看到同程各个旗舰店地址、交通、联系电话哦~

苏州干将路体验店，电话：
0512-66095780，地址：
苏州姑苏区干将东路636号2-10，
苏州同程一号旗舰店
电话：
051267998802
地址：
苏州市园区裕新路188号同程大厦B栋1楼"
,同程旅游上海体验店有哪些,"尊敬的同程VIP会员您好：上海各个区域有多个体验店，以下只是备份体验店信息，如果未查询到您想要的信息，您可以直接登录同程官网www.ly.com，进入首页拉到最下方页面，点击联系我们，往下拉即可看到同程各个旗舰店地址、交通、联系电话哦~
上海市浦东新区张杨路3003号，联系电话：021-23561099。
上海市宝山区共和新路4739弄127号（万达广场附近），联系电话：02123562319。
上海市长宁区北渔路55号，联系电话：02123563121。
上海市虹口区花园路48号1层，联系电话：02123563385。
上海市闸北区宝山路230号（宝山路鸿兴路，老北站）联系电话：02123561499
上海市普陀区中山北路3553号伸大厦201室，联系电话：021-80122546。
上海市徐汇区零陵路飞州国际大厦602室，联系电话：02134770161。上海市浦东新区张杨路3003号"
,你好,尊敬的同程vip会员您好~vip会员中心欢迎您，请问有什么可以帮到您的？
,可以更换顾问吗,尊敬的同程VIP会员您好，如您对目前旅游顾问服务不满意需要更换。您可以在客户端中进入【我的】--【旅游顾问】，点击顾问头像， 选择右上角更换。然后重新选择即可。
,宁波同程旅游体验店,"尊敬的同程vip会员您好，同程旅游宁波体验店有以下几个：宁波海曙解放北路体验店
09:00~19:00
宁波市海曙区解放北路124号新金穗大楼A座（中山广场对面）
地铁1号线鼓楼站A号出口步行500米即可到达 或 公交：①中山广场站下车步行50米，公交线：6路，30路，118路，305路，360路，363路，380路，501路，516路，517路，521路，527路，812路；②苍水街站下车步行150米，公交线路：806路
057483899336
 宁波江东大步街体验店
09:00~19:00
浙江省宁波市江东区大步街11号
七塔寺站：3路;15路;102路;111路;135-1;135路;138路;205夜间线;357路;366路;516路;517路步行175米即可；大步街站：5路;354路;809路步行178米即可；地铁1号线江夏桥东站下，步行585米即可；
057481858222
宁波鄞州贸城西路体验店
09:00~20:00
浙江省宁波市鄞州区贸城西路18号联盛广场B座
115路、116路、151路、178路、632路、636路下车即到（巴黎春天站）。7路、527路、103路、105路、107路、126路、129路、136路、160路、168路、169路、281路、635路、650路、661路、368路下车向西拐弯600,米（万达广场西站下车）。
057487083187
宁波江北清河路体验店
09:00~20:00
宁波市江北区清河路131号1-4
25路，33路，38路，337路，339路，521路，819路公交车
057487083280
宁波余姚体验店
09:00~20:00
浙江省宁波余姚市东旱门北路15号
公交：余姚102，余姚301东线，余姚301西线，余姚401，余姚205，余姚202，余姚302内环，余姚302外环，余姚402
057462660790
宁波汇金大厦体验店
09:00~18:00
宁波市海曙区和义路77号汇金大厦5楼501-503
公交东门口站:19路、15路、518路、503路空调、215路、515路、331路、521路空调、4路、350路、10路外环
057481857691"

,百旅会的地点在哪里,尊敬的同程VIP会员您好，同程旅游百旅会总部在苏州，且全国目前在各个城市拥有旗舰店，会员部分权益会在各个旗舰店举行哦，如果您需要了解您所在地点的百旅会旗舰店，您可以直接致电400-180-7777进行详细咨询，或者您可以您可以直接登录同程官网www.ly.com，进入首页拉到最下方页面，点击联系我们，往下拉即可看到同程各个旗舰店地址、交通、联系电话哦~
,有没有人工,"尊敬的百旅会会员您好，很抱歉，目前百旅会暂时没有人工客服，如有疑问，您可以拨打[link url=""tel:4001807777""]400-180-7777[/link]"
,咨询,"您好，这边是百旅会咨询入口，如您想了解同程其他业务详情，请点击对应项目咨询：
[link url=""http://s.ly.com/Oqbdd""]【?景区】[/link]
[link url=""http://s.ly.com/H0gkd""]【?用车】[/link]
[link url=""http://s.ly.com/fGbdd""]【?签证】[/link]
[link url=""http://s.ly.com/MFbdd""]【?邮轮】[/link]
[link url=""http://s.ly.com/xFbdd""]【?酒店】[/link]
[link url=""http://s.ly.com/3hbdd""]【?国内游】[/link]
[link url=""http://s.ly.com/tGbdd""]【?汽车票】[/link]
[link url=""http://s.ly.com/Nxekd""]【?电影票】[/link]
[link url=""http://s.ly.com/fRbdd""]【?出境游】[/link]
[link url=""http://s.ly.com/iFbdd""]【?周边跟团】[/link]
[link url=""http://s.ly.com/lFbdd""]【?国内机票】[/link]
[link url=""http://s.ly.com/dgbdd""]【?国际机票】[/link]
[link url=""http://s.ly.com/uhbdd""]【?海外玩乐】[/link]
[link url=""http://s.ly.com/GFbdd""]【?周边自由行】[/link]"
,怎样加盟百旅会,"尊敬的同程VIP会员您好，咨询百旅会合作可以直接登录同程旅游官方网站，在页面最下页有商务合作，点击商务合作后可以填写下关于您的相关信息，后续会有我们相关部门跟您取得联系哦~也可以直接致电[link url=""tel:4001807777""]400-180-7777[/link]进行咨询哦."
,百旅会客服电话,"尊敬的同程VIP会员您好，非常抱歉同同未能处理您的问题。您可以直接拨打百旅会热线咨询电话为[link url=""tel:4001807777""]400-180-7777[/link]。如果有百旅会线路或者机票、酒店、景点门票，可以直接拨打[link url=""tel:4007777777""]400-777-7777[/link]进行咨询哦."
,随心订度假版积分是多少,"尊敬的同程VIP会员您好：百旅会随心订度假版会员享999积分,购买成功后直接进入预定人账户。"
,度假专属折扣在哪里可以看到？,"尊敬的同程VIP会员您好：线上VIP会员频道   ，VIP频道是所有付费VIP会员的家，所有的权益特权都将在这个频道上体现
VIP会员日，每月固定一次会员狂欢节，VIP会员日，每次活动提供专属会员高积分抵扣产品，产品覆盖率≥40%。"
,惊喜礼包有什么？,尊敬的同程VIP会员您好：凡购买699百旅会随心订度假版会员，均可获赠全球指定免税店折扣券，数十家免税店优惠券码免费赠送。
,百旅会随心订度假版专属折扣有哪些,"尊敬的同程VIP会员您好：
1：积分权益
可获得999积分，并在同程预订所有指定产品，均可使用积分抵扣部分订单金额。折抵金额以同程网www.LY.com及同程旅游App列显的不同产品折抵规则为准。会员积分可转让，但不可提现，会员积分消耗时，优先消耗入会积分，入会积分消耗完毕后，方可消耗受让积分
2：会员专属折扣
会员专属折扣：会员可至同程旅游APP端VIP会员频道享专属线路积分抵扣特权，积分抵扣比例以页面为准
3：会员日专属活动
4：周边plus权益
周边PLUS政策以https://www.ly.com/scenery/zhuanti/PlusList页面为准,查看路径：同程网app上我的/会员中心/更多会员卡/周边游PLUS会员，以下权益仅作参考：
门票1折起：在【PLUS专享景区】版块每月最多可订2套不同产品，同一会员手机号可购买成功1次同一产品，每次至多可订2张；
自由行5折起：在【PLUS专享自由行】版块每月最多可订2套不同产品，同一会员手机号可购买成功1次同一产品，每次至多可订2张；
优选折扣：在【PLUS专享折扣】版块无购买数量上限，仅限开通会员的手机号使用；
专属特权（免费体验）：每月邀请1位PLUS会员免费体验1次周边游产品，以短信形式通知；
专享红包：自4月份起，每月10日前自动获得专享红包，至客户端我的红包-红包查看
备注：仅限苏州、广州和武汉3个城市销售的客户可享受此项权益"
,随心订怎样预订,尊敬的同程VIP会员您好：目前随心订产品您可以直接在您的专属顾问端预订，或者您可以直接拨打400-180-7777进行预订哦~
,随心订怎样退款,尊敬的同程VIP会员您好：随心订度假产品目前不支持退改哦，一旦预订不退不改哦。
,随心订赠送的行李箱是多少寸的？,尊敬的同程VIP会员您好：随心订赠送的行李箱一般是20寸的哦~一般情况入会后是由顾问为您申请的，有问题可以随时咨询顾问哦~
,随心订权益生效日期是什么时候？,"尊敬的同程VIP会员您好：
积分权益时效：自购买之日起5年内有效。
会员专属折扣：自购买之日起365日内有效。
会员日专属活动：自购买之日起365日内有效。
周边plus权益：自购买之日起365日内有效，默认开通会员成功后的5个工作日内此权益生效."
,旅游意外险的赠送范围,尊敬的同程VIP会员您好：只有在同程预订线路产品时才会赠送，如果只是预订单机票服务是不赠送旅游意外险的。
,旅游意外险投保流程是什么,尊敬的同程VIP会员您好：2位权益人在的同程预订线路产品时，我们会系统自动帮客人投保2份（1人享受2次或2人各享受1次。
,保险生效时间,尊敬的同程VIP会员您好：出发日期00:00:00 生效，返回日期23:59:59 失效。
,哪些不在受保范围,"尊敬的同程VIP会员您好，以下属于不受保范围：
（一）投保人的故意行为；
（二）被保险人自致伤害或自杀，但被保险人自杀时为无民事行为能力人的除外；
（三）因被保险人挑衅或故意行为而导致的打斗、殴斗、被袭击或被谋杀；
（四）被保险人妊娠、流产、分娩、疾病、药物过敏；
（五）被保险人接受医疗检查、麻醉、整容手术及其他内、外科手术；
（六）被保险人未遵医嘱，私自服用、涂用、注射药物；
（七）任何生物、化学、原子能武器，原子能或核能装置所造成的爆炸、灼伤、污染
或辐射；
（八）恐怖袭击；
（九）被保险人犯罪或拒捕；
（十）被保险人因精神错乱或失常而导致的意外；
（十一）被保险人受细菌、病毒或寄生虫感染（但因受伤以致伤口脓肿者除外）；或
被保险人中暑、猝死（见第5条释义）或食物中毒；
（十二）直接或间接由流行疫病（见第6条释义）爆发引起；
(十三) 被保险人从事跳伞、滑翔、探险活动（见第 7 条释义）、武术比赛（见第 8
条释义）、摔跤比赛、特技（见第 9 条释义）表演、赛马、马术表演、赛车、拳击等高风
险运动或活动；
（十四）被保险人参与任何职业、半职业或设有奖金、报酬的体育活动；
（十五）被保险人参与执行军警任务或以执法身份执行任务；
（十六）被保险人受雇于商业船舶并执行职务；于海军、空军服军役；职业性操作或
测试任何种类交通工具；从事石油或化工业、森林砍伐业、建筑工程业、运输业、采掘业、
采矿业、空中摄影、处理爆炸物、水上作业、高空作业等职业活动（任何体力劳动或与操
作机器有关的工作）；
（十七）违反法律法规或交通管理部门的规定搭乘交通工具或搭乘未经保险事故发生
地相关政府部门登记许可的交通工具；
（十八）航空或飞行活动，包括身为飞行驾驶员或空勤人员，但以缴费乘客身份乘坐
客运民航班机的除外；"
,国内游旅游意外险包含什么？,"尊敬的同程VIP会员您好：

因下列原因造成被保险人身故、伤残的，保险人不承担给付保险金责任：
（一）投保人的故意行为；
（二）被保险人自致伤害或自杀，但被保险人自杀时为无民事行为能力人的除外；
（三）因被保险人挑衅或故意行为而导致的打斗、被袭击或被谋杀；
（四）被保险人妊娠、流产、分娩、疾病、药物过敏、中暑、猝死；
（五）被保险人接受整容手术及其他内、外科手术；
（六）被保险人未遵医嘱，私自服用、涂用、注射药物；
（七）核爆炸、核辐射或核污染；
（八）恐怖袭击；
（九）被保险人犯罪或拒捕；
（十）被保险人从事高风险运动或参加职业或半职业体育运动。
被保险人在下列期间遭受伤害导致身故、伤残的，保险人也不承担给付保险金责任：
（一）战争、军事行动、暴动或武装叛乱期间；
（二）被保险人醉酒或毒品、管制药物的影响期间；
（三）被保险人酒后驾车、无有效驾驶证驾驶或驾驶无有效行驶证的机动车期间。"
,承保年龄,尊敬的同程VIP会员您好，要客会员承保年龄范围是28-100周岁哦~
,要客保险一共有几次,尊敬的同程VIP会员您好：要客会员权益人在同程旅游购买国内游线路且出游人为主权益人本人及子权益人的，可以帮客人投保境内旅程取消险，使用次数2份（1人享受2次或2人各享受1次）
,要客取消险什么时间开始生效,"尊敬的同程要客会员您好：取消险即刻可以投保，次日生效，投保时间为次日到出行前一天23点59分59秒,取消险一经投保不得取消，且出行前48小时内无法操作投保;"
,延误险的赠送范围是什么？只要乘飞机都送吗,尊敬的同程vip会员您好：只有在同程预订线路产品时才会赠送且只有2份，如果只是预订单机票服务、单酒店服务，目的地参团等是不赠送延误险的。
,度假产品赔偿流程,尊敬的同程要客会员您好，先行赔付和正常流程投诉不冲突，可累计申请赔付。
,赔偿金额的到账时间?,尊敬的同程要客会员您好，差评赔偿走投诉赔偿流程，赔款金额预计3个工作日左右到账。
,返利特权生效日期,尊敬的同程VIP会员您好：返利特权从权益开通起进行核算，需要 提供两位权益人准确姓名及身份证等有效证件方可算权益开通。
,返现起返金额上限,尊敬的同程VIP会员您好：无起返金额限制。权益人会员账号年度累积消费金额在15W及以内的，按照2%的额度进行返现，每次出游回团后7个工作日后可至会员中心账户进行申请提现；权益人会员账号年度累积消费金额大于15W的部分，不享受2%的返现权益。最高封顶返现3000元。
,返现方式,"尊敬的同程VIP会员您好：提现方式，奖金账户提现：只支持支付宝； 回团后7个工作日即可到会员中心查看，进行提现。
到账时间为提现后的7-15个工作日。"
,返利特权从什么时候开始生效,尊敬的同程VIP会员您好：返利特权从权益开通起进行核算。提供2位权益人准确名字和身份信息方可算权益开通。
,反现是不是只要用任意会员账号预定即可累计,尊敬的同程VIP会员您好：使用2位权益人（主权益人、子权益人）任意一位同程账户预订指定产品方可累计。
,同程要客立返提取操作流程,"尊敬的同程VIP会员您好：一． 实名认证流程：
同程 app<<我的<<个人资料管理<<填写姓名和身份证进行实名认证。
二． 同程要客立返提取流程：
同程 app<<我的<<我的钱包<<立返<<提现<< 填写支付宝账户信息<<提交申请（注意点：支付宝姓名和实名认证必须一致才能提现）"
,同程要客商旅体验套餐有哪些,"尊敬的同程要客会员您好：【享高铁vip候车室特权5次】
①2位权益人（主权益人、子权益人）1年内可享受共计5次高铁VIP候车室特权，共计29个高铁站，该贵宾休息室环境舒适，并免费提供报刊书籍、免费wifi、精美茶点、协助取票、登车提醒、（详细服务以各高铁贵宾厅提供为准）
【享机场vip候机室特权5次】
①2位权益人（主权益人、子权益人）1年内可享受共计5次国内VIP候机室特权待遇，共计74个机场，该贵宾休息室环境舒适，并免费提供饮品、精品小吃、报刊、音像、登机提醒、免费wifi等（详细服务以各机场贵宾厅提供为准）"
,商旅体验兑现注意点,"尊敬的同程VIP会员您好：要客预售期间（2.17-3.15）不接受权益兑换，3月15号之后才可以开始接受，系统预约兑现
备注：商旅体验套餐仅限2位指定受益人使用，不可进行转让第三人 系统上线后需要客户提前与高级客服进行联系，高级客服进行预约给客户发送短信，客户凭短信进入贵宾厅。"
,机场贵宾室以及高铁贵宾室可以使用多少次,尊敬的同程VIP会员您好：全年各5次，每月无次数限制。
,怎样预约vip贵宾厅,尊敬的同程要客会员您好：如果您想要预约vip贵宾厅，需要提前12个小时进行预约哦，且贵宾厅享用时间为两个小时，您可以直接联系您的专属客服或者致电400-180-7777进行预约哦~
,要客预约机场贵宾厅注意点是什么？,"尊敬的同程要客会员您好：vip候机室预约注意点
（1）预约人、预约手机号仅限主权益人或子权益人 ，且每次仅可预约一人。
（2）VIP候机室一经预约无法退改，要确保信息提供的正确性
（3）VIP候机室默认使用时长为2小时。
  （4）VIP候机室需要提前12个小时进行预约。"
,要客vip候车室预约注意点是什么？,"尊敬的同程要客会员您好：

（1）VIP候车室一经预约无法退改，客服同事需与客人核对好信息后进行预约。
（2）VIP候车室默认使用时长为2小时。
（3）判断是否在贵宾厅营业时间内：客人高铁开车时间往前推2小时-开车时间，时段在营业时间内的可进行预约。VIP候车室营业时间多在8:00-20:00"
,进入贵宾厅需要出示什么凭证？,"尊敬的同程VIP会员您好：
您预约完贵宾厅后会给您发送一条预约成功短信，如下模板。
vip候车室：【同程旅游】亲爱的张三，已帮您成功预约2017年03月18日贵宾休息厅服务。地址：深圳北站，候车厅A9-A10检票口上方夹层，工商银行贵宾厅，卡号：410390078888，绑定码：587（悦途）。如有疑问，请咨询要客专属礼宾[link url=""tel:4001807777""]400-180-7777[/link]进行预定~，祝您出行愉快。     凭短信上的卡号+绑定码进入贵宾厅哦~"
,同行非权益人怎么购买贵宾厅,尊敬的同程VIP会员您好：如同行非权益人存在购买需求，引导客人至微信端->>  钱包 >> 火车票机票。飞机票>>机场服务>>选择机场并选择“贵宾厅服务”-选择贵宾厅并“购买”即可哦~
,要客权益,"亲爱的同程要客会员您好：欢迎进入同程要客咨询服务页面~要客有以下权益：

1：积分特权，享受积分特权，权益人即可获取4500分的超值会员积分
2：立返特权：两位权益人出游消费返现，2位权益人（主权益人、子权益人）预定支付，回团后7个工作日后可进行消费金额的2%返现提取，返现计算包含出境线路、邮轮线路、国内线路、机票、火车票等服务（均需要含大交通）;会员期间内返现金额3000元封顶， 返现金额均返至主权益人账号
3：商旅体验：1机场vip候机室，全国74个主要机场，两位会员权益人（主权益人、子权益人）1年内可享受共计5次国内指定VIP候机室特权待遇  2：高铁vip候车室，全国29个高铁站，2位会员权益人（主权益人、子权益人）1年内可享受共计5次指定高铁VIP候车室特权。
4：度假体验：1：服务体验保障，会员主权益人购买同程出境、邮轮、国内打包旅游线路产品时，出现因同程服务质量问题可享受先行赔付的特权 2：2位会员权益人（主权益人、子权益人）通过同程预订出境/国内打包旅游产品时，共计赠送2份旅游意外险及2份取消险，仅限2位会员权益人（主权益人、子权益人）使用、2位会员权益人可享受来电优先接听服务(预订旅游线路以及机票服务)
5：会员特权：会员严选，仅会员有权购买严选品质旅游以及主题旅游，并有专属同程VIP会员日享专属折扣。
要客售价仅为2999元。"
